url;code;buy_below
https://www.amazon.com/ANYOYO-Outdoor-Toboggan-Downhill-Screamer/dp/B07XG4HJSR/ref=sr_1_53?dchild=1&keywords=snow+sled&qid=1595968264&sr=8-53;snow_sled;10
https://www.amazon.com/AIRHEAD-CLASSIC-Plastic-Disc-Sled/dp/B00LDYJK26/ref=sr_1_2?dchild=1&keywords=snow+sled&qid=1596063386&sr=8-2;airhead_classic_snow_sled;10
https://www.amazon.com/Slippery-Racer-Downhill-Xtreme-Toboggan/dp/B06XKD6XGL/ref=sr_1_3?dchild=1&keywords=snow+sled&qid=1596063386&sr=8-3;slippery_racer_snow_sled;30
https://www.amazon.com/Flexible-Flyer-Lightweight-Portable-Rolling/dp/B001Q8SLE2/ref=sr_1_4?dchild=1&keywords=snow+sled&qid=1596063386&sr=8-4;flyer_611_snow_sled;5
https://www.amazon.com/DUDU-Snow-Tube-Inflatable-Thickening/dp/B075J95784/ref=sr_1_6?dchild=1&keywords=snow+sled&qid=1596063386&sr=8-6;adudu_47_snow_tube;20
https://www.amazon.com/Emsco-Group-ESP-Freeride-Snowboard/dp/B002DREG5I/ref=sr_1_3?dchild=1&keywords=snowboard&qid=1596064554&sr=8-3;emsco_group_snowboard;40
https://www.amazon.com/VoltSurf-All-Mountain-Snowboard-Premium-Sintered/dp/B07YCWGBH5/ref=sr_1_1_sspa?dchild=1&keywords=snowboard&qid=1596064717&sr=8-1-spons&psc=1&spLa=ZW5jcnlwdGVkUXVhbGlmaWVyPUFFVFMxQ0VaU1FKWUYmZW5jcnlwdGVkSWQ9QTA2MzE1NDUzSDI1RjFSQkI1Slk5JmVuY3J5cHRlZEFkSWQ9QTA1OTQ2NjEzSFBLOFZMTjVBRE9QJndpZGdldE5hbWU9c3BfYXRmJmFjdGlvbj1jbGlja1JlZGlyZWN0JmRvTm90TG9nQ2xpY2s9dHJ1ZQ==;voltsurf_snowboard;150
https://www.amazon.com/EMSCO-Group-Construction-Adjustable-Step/dp/B0040Y33CO/ref=pd_di_sccai_2/144-9577080-0496042?_encoding=UTF8&pd_rd_i=B0040Y33CO&pd_rd_r=23fd5e02-b5cf-4ecc-ae81-3435b8cf8db2&pd_rd_w=SVP4q&pd_rd_wg=W9kOf&pf_rd_p=5415687b-2c9d-46da-88a4-bbcfe8e07f3c&pf_rd_r=9BJ5B0TF8NF6ASC3P957&psc=1&refRID=9BJ5B0TF8NF6ASC3P957;emsco_group_kids_snowboard;40
https://www.amazon.com/Camp-Seven-Snowboard-Bindings-Packages/dp/B00FM6O3O6/ref=pd_sbs_468_1/144-9577080-0496042?_encoding=UTF8&pd_rd_i=B00O8435DI&pd_rd_r=d30e1350-72ce-4dd7-ba4e-9ed84b97f8f9&pd_rd_w=JtN7q&pd_rd_wg=7Z3iI&pf_rd_p=bdc67ba8-ab69-42ee-b8d8-8f5336b36a83&pf_rd_r=YBYHJME24FFCQ07GQZRT&psc=1&refRID=YBYHJME24FFCQ07GQZRT;camp_seven_snowboard_package;150
https://www.amazon.com/Camp-Seven-Package-Snowboard-Bindings/dp/B074WFSQ8N/ref=pd_sbs_468_3/144-9577080-0496042?_encoding=UTF8&pd_rd_i=B074WDBY5W&pd_rd_r=d30e1350-72ce-4dd7-ba4e-9ed84b97f8f9&pd_rd_w=JtN7q&pd_rd_wg=7Z3iI&pf_rd_p=bdc67ba8-ab69-42ee-b8d8-8f5336b36a83&pf_rd_r=YBYHJME24FFCQ07GQZRT&psc=1&refRID=YBYHJME24FFCQ07GQZRT;camp_seven_redwood_snowboard_package;150
https://www.amazon.com/AIRHEAD-S-1300-Combo-Skis-pair/dp/B00SMGSJ2U/ref=sr_1_3?dchild=1&keywords=skis&qid=1596064959&sr=8-3;airhead_67_skis;150
https://www.amazon.com/Rossignol-Smash-Xpress-10-Package/dp/B07WGGCYLK/ref=sr_1_7?dchild=1&keywords=skis&qid=1596064959&sr=8-7;rossignol_smash_ski_package;300
https://www.amazon.com/Rossignol-Sassy-Xpress-10-Package/dp/B07WJVFTRD/ref=sr_1_8?dchild=1&keywords=skis&qid=1596064959&sr=8-8;rossignol_sassy_ski_package;300
https://www.amazon.com/Rossignol-Experience-Xpress-Package-170cm/dp/B07WHHZ4CX/ref=sr_1_9?dchild=1&keywords=skis&qid=1596064959&sr=8-9;rossignol_experience_ski_package;250
https://www.amazon.com/Rossignol-Soul-HD-Skis-180cm/dp/B07NJWQJNM/ref=sr_1_10?dchild=1&keywords=skis&qid=1596064959&sr=8-10;rossignol_soul_skis;300
https://www.amazon.com/Zionor-Lagopus-Snowboard-Goggles-Protection/dp/B077GQQQPS/ref=sr_1_2?dchild=1&keywords=snow+goggles&qid=1596065133&sr=8-2;zionor_lagopus_goggles;10
https://www.amazon.com/Zionor-Snowboard-Spherical-Detachable-Protection/dp/B00TD0W88U/ref=sr_1_3?dchild=1&keywords=snow+goggles&qid=1596065133&sr=8-3;zionor_spherical_goggles;10
https://www.amazon.com/JULI-Goggles-Over-Glasses-Snowboard-Goggles/dp/B075HCP84N/ref=sr_1_4?dchild=1&keywords=snow+goggles&qid=1596065133&sr=8-4;juli_goggles;10
https://www.amazon.com/OutdoorMaster-OTG-Ski-Goggles-Protection/dp/B01HLV5Q1I/ref=sr_1_5?dchild=1&keywords=snow+goggles&qid=1596065133&sr=8-5;outdoormaster_goggles;10
https://www.amazon.com/OutdoorMaster-Ski-Goggles-PRO-Interchangeable/dp/B014XKTFI0/ref=sr_1_6?dchild=1&keywords=snow+goggles&qid=1596065133&sr=8-6;outdoormaster_frameless_goggles;30
https://www.amazon.com/Chamarra-impermeable-hombre-resistente-monta%C3%B1a/dp/B00OA2NCVI/ref=sr_1_2?dchild=1&keywords=snow+jacket&qid=1596065440&sr=8-2;wantdo_mens_jacket;70
https://www.amazon.com/JINSHI-Windproof-Waterproof-Jackets-Mountain/dp/B077QG2L4T/ref=sr_1_3?dchild=1&keywords=snow+jacket&qid=1596065440&sr=8-3;jinshi_mens_jacket;50
https://www.amazon.com/Wantdo-Womens-Waterproof-Mountain-Windproof/dp/B06XDSPXX4/ref=sr_1_4?dchild=1&keywords=snow+jacket&qid=1596065440&sr=8-4;wantdo_womens_jacket;70
https://www.amazon.com/OutdoorMaster-Mens-Ski-Jacket-Waterproof/dp/B07GRTR9SG/ref=sr_1_5?dchild=1&keywords=snow+jacket&qid=1596065440&sr=8-5;outdoormaster_mens_jacket;60
https://www.amazon.com/MOERDENG-Chaqueta-esqu%C3%AD-impermeable-Classic/dp/B07W7CSH25/ref=sr_1_6?dchild=1&keywords=snow+jacket&qid=1596065440&sr=8-6;moerdeng_womens_jacket;60
https://www.amazon.com/Winter-Snowboard-Gloves-Wrist-Leashes/dp/B073XNPJ35/ref=sr_1_2?dchild=1&keywords=snow+gloves&qid=1596065697&sr=8-2;snow_gloves;10
https://www.amazon.com/Tough-Outdoors-Winter-Snow-Gloves/dp/B01KSKL4SI/ref=sr_1_4?dchild=1&keywords=snow+gloves&qid=1596065697&sr=8-4;tough_outdoors_gloves;10
https://www.amazon.com/Cevapro-Winter-Waterproof-Thinsulate-Snowboarding/dp/B07WVQ2GWB/ref=sxin_7_pb?cv_ct_cx=snow+gloves&dchild=1&keywords=snow+gloves&pd_rd_i=B07WVQ2GWB&pd_rd_r=af0c7390-1006-44ba-8b55-7e95db07b14b&pd_rd_w=2EX3I&pd_rd_wg=P7YQ8&pf_rd_p=637c1b37-abd1-4cb6-a8e7-ff32d038d214&pf_rd_r=827GETRH741530D9KCVS&qid=1596065697&sr=1-3-8065ff8c-2587-4a7f-b8da-1df8b2563c11;cevapro_gloves;20
https://www.amazon.com/OlarHike-Mens-Ski-Gloves-Touchscreen/dp/B07T13X451/ref=sr_1_9?dchild=1&keywords=snow+gloves&qid=1596065697&sr=8-9;olarhike_gloves;10
https://www.amazon.com/Winter-Snowboard-Gloves-Wrist-Leashes/dp/B073XN5SWG/ref=sr_1_12?dchild=1&keywords=snow+gloves&qid=1596065697&sr=8-12;tough_outdoors_winter_gloves;10
https://www.amazon.com/Carhartt-Acrylic-Watch-Brown-Size/dp/B002G9UDY6/ref=sr_1_2?dchild=1&keywords=snow+cap&qid=1596067568&sr=8-2;carhartt_hat;10
https://www.amazon.com/ViGrace-Winter-Fleece-Children-Beanie/dp/B07WNCNKNG/ref=sr_1_7?dchild=1&keywords=snow+cap&qid=1596067568&sr=8-7;vigrace_hat;10
https://www.amazon.com/Solid-Black-Skull-Beanie-Perfect/dp/B00OFNZOI6/ref=sr_1_8?dchild=1&keywords=snow+cap&qid=1596067568&sr=8-8;everything_black_beanie;10
https://www.amazon.com/C-C-Trendy-Chunky-Stretch-Beanie/dp/B07FQVRBXH/ref=sr_1_11?dchild=1&keywords=snow+cap&qid=1596067568&sr=8-11;cc_beanie;10
https://www.amazon.com/HOMFUL-Trapper-Trooper-Hunting-Ushanka/dp/B07KSPGJ63/ref=sr_1_12?dchild=1&keywords=snow+cap&qid=1596067568&sr=8-12;homful_hat;10
https://www.amazon.com/Turtle-Fur-Double-Layer-Warmer-Chelonia/dp/B002BGF1OG/ref=sr_1_1?dchild=1&keywords=snow+scarf&qid=1596067988&sr=8-1;turtle_fur_scarf;10
https://www.amazon.com/S1-6100-74-Funky-Junque-Infinity-Scarf/dp/B01NBVTAXW/ref=sr_1_5?dchild=1&keywords=snow+scarf&qid=1596067988&sr=8-5;funky_junque_scarf;10
https://www.amazon.com/JIUSY-Weather-Outdoor-Snowboard-Motorcycle/dp/B079GZ83YT/ref=sr_1_7?dchild=1&keywords=snow+scarf&qid=1596067988&sr=8-7;wtactful_scarf_mask;10
https://www.amazon.com/2tone-Super-Chunky-Thick-Fringe/dp/B075ZYSXF8/ref=sr_1_21?dchild=1&keywords=snow+scarf&qid=1596067988&sr=8-21;cc_scarf;20
https://www.amazon.com/Wander-Agio-Womens-Scarves-Spinning/dp/B01N3RN61I/ref=sr_1_22?dchild=1&keywords=snow+scarf&qid=1596067988&sr=8-22;wander_agio_scarf;5
https://www.amazon.com/Warmer-Metog-Foldable-Fleece-Earmuffs/dp/B018CD5IJO/ref=sr_1_6?dchild=1&keywords=snow+earmuffs&qid=1596068176&sr=8-6;metog_earmuffs;10
https://www.amazon.com/Knolee-Knitting-EarMuffs-Earwarmer-Outdoor/dp/B01IZAOH9G/ref=sr_1_7?dchild=1&keywords=snow+earmuffs&qid=1596068176&sr=8-7;knolee_earmuffs;5
https://www.amazon.com/Simplicity-Furry-Fleece-Winter-Earmuffs/dp/B00GKFASQU/ref=sr_1_9?dchild=1&keywords=snow+earmuffs&qid=1596068176&sr=8-9;simplicity_earmuffs;10
https://www.amazon.com/Ear-Warmers-Men-Women-Adjustable/dp/B07JVHNHD3/ref=sr_1_17?dchild=1&keywords=snow+earmuffs&qid=1596068176&sr=8-17;luther_earmuffs;10
https://www.amazon.com/TopRush-Foldable-Ear-Warmers-Muffs/dp/B077WW57P4/ref=sr_1_19?dchild=1&keywords=snow+earmuffs&qid=1596068176&sr=8-19;toprush_earmuffs;5
https://www.amazon.com/gracosy-Winter-Booties-Outdoor-Waterproof/dp/B07J5JHXPV/ref=sr_1_1?dchild=1&keywords=unisex+snow+boots&qid=1596068434&sr=8-1;gracosy_boots;30
https://www.amazon.com/gracosy-Womens-Anti-Slip-Waterproof-Outdoor/dp/B07FKL9GRW/ref=sr_1_3?dchild=1&keywords=unisex+snow+boots&qid=1596068434&sr=8-3;gracosy;15
https://www.amazon.com/FEETCITY-Unisex-Winter-Outdoor-Booties/dp/B07G3BMXW5/ref=sr_1_18?dchild=1&keywords=unisex+snow+boots&qid=1596068434&sr=8-18;feetcity_boots;30
https://www.amazon.com/JIASUQI-Winter-Fashion-Ankle-Lined/dp/B07G7231YM/ref=sr_1_23?dchild=1&keywords=unisex+snow+boots&qid=1596068434&sr=8-23;jiasuqi_boots;30
https://www.amazon.com/gracosy-Booties-Anti-Slip-Waterproof-Sneaker/dp/B075XNB1H7/ref=sr_1_42?dchild=1&keywords=unisex+snow+boots&qid=1596068434&sr=8-42;gracosy_boots;10
https://www.amazon.com/Repel-Windproof-Travel-Umbrella-Coating/dp/B0160HYB8S/ref=sr_1_1_sspa?dchild=1&keywords=umbrella&qid=1596071068&sr=8-1-spons&psc=1&spLa=ZW5jcnlwdGVkUXVhbGlmaWVyPUExN0FVQlJNT01CWEpWJmVuY3J5cHRlZElkPUEwMzIzMjE0MVBKV0ZHMkVKWUMyWSZlbmNyeXB0ZWRBZElkPUEwNjU4MTQ5WU0yNk03WFQzTVFMJndpZGdldE5hbWU9c3BfYXRmJmFjdGlvbj1jbGlja1JlZGlyZWN0JmRvTm90TG9nQ2xpY2s9dHJ1ZQ==;repel_umbrella;20
https://www.amazon.com/G4Free-Automatic-Windproof-Waterproof-Umbrellas/dp/B01ESJ7YUW/ref=sr_1_6?dchild=1&keywords=umbrella&qid=1596071068&sr=8-6;g4free_umbrella;10
https://www.amazon.com/Sharpty-Windproof-Umbrellas-Protection-Black-Green/dp/B071SCWQW1/ref=sr_1_7?dchild=1&keywords=umbrella&qid=1596071068&sr=8-7;sharpty_umbrella;10
https://www.amazon.com/HOSA-Lightweight-Reflective-Waterproof-Protection/dp/B07X13HSN4/ref=sr_1_11?dchild=1&keywords=umbrella&qid=1596071068&sr=8-11;hosa_umbrella;10
https://www.amazon.com/StrombergBrand-Spectrum-Umbrella-Automatic-Lightweight/dp/B016UZ7FNS/ref=sr_1_14?dchild=1&keywords=umbrella&qid=1596071068&sr=8-14;strombergbrand_umbrella;5
https://www.amazon.com/BAGAIL-Inverted-Umbrellas-Windproof-Protection/dp/B07PKM1SV8/ref=sr_1_5?dchild=1&keywords=inverted+umbrella&qid=1596071247&sr=8-5;bagail_inverted_umbrella;10
https://www.amazon.com/Inverted-Umbrella-C-Shaped-Waterproof-Windproof/dp/B071ZRMLWB/ref=sr_1_6?dchild=1&keywords=inverted+umbrella&qid=1596071247&sr=8-6;siepasa_inverted_umbrella;15
https://www.amazon.com/Sharpty-Inverted-Windproof-Umbrellas-Protection/dp/B07CYLM4FX/ref=sr_1_7?dchild=1&keywords=inverted+umbrella&qid=1596071247&sr=8-7;sharpty_inverted_umbrella;15
https://www.amazon.com/Owen-Kyne-Windproof-Upside-Down-Protection/dp/B01MRVG81S/ref=sr_1_9?dchild=1&keywords=inverted+umbrella&qid=1596071247&sr=8-9;owen_kyne_inverted_umbrella;15
https://www.amazon.com/ZAMEKA-Inverted-Umbrellas-Windproof-Protection/dp/B07J1CGBN3/ref=sr_1_10?dchild=1&keywords=inverted+umbrella&qid=1596071247&sr=8-10;zameka_inverted_umbrella;10
https://www.amazon.com/Western-Chief-Botas-lluvia-estampadas/dp/B00CWPU1QE/ref=sr_1_2?dchild=1&keywords=rain+boots&qid=1596071648&sr=8-2;western_chief_rain_boots;30
https://www.amazon.com/London-Fog-Womens-Piccadilly-Rain/dp/B07P5TV8S3/ref=sr_1_3?dchild=1&keywords=rain+boots&qid=1596071648&sr=8-3;london_fog_rain_boots;30
https://www.amazon.com/Sloggers-impermeables-lluvia-jard%C3%ADn-plantilla/dp/B00AV40CDA/ref=sr_1_4?dchild=1&keywords=rain+boots&qid=1596071648&sr=8-4;sloggers_rain_boots;30
https://www.amazon.com/Sperry-Top-Sider-Womens-Saltwater-Brown/dp/B00PKHHJ8O/ref=sr_1_4?dchild=1&keywords=rain+boots+for+women&qid=1596071766&sr=8-4;sperry_rain_boots;30
https://www.amazon.com/Tingley-31151-Economy-Agriculture-15-Inch/dp/B005F1868C/ref=sr_1_2?dchild=1&keywords=rain+boots+for+men&qid=1596071873&sr=8-2;tingley_rain_boots;10
https://www.amazon.com/Servus-Comfort-Technology-Steel-Boots/dp/B000MRSTG8/ref=sr_1_3?dchild=1&keywords=rain+boots+for+men&qid=1596071873&sr=8-3;servus_rain_boots;10
https://www.amazon.com/Servus-Comfort-Technology-Boots-Black/dp/B002WN2SY4/ref=sr_1_4?dchild=1&keywords=rain+boots+for+men&qid=1596071873&sr=8-4;clc_rain_boots;10
https://www.amazon.com/TideWe-Multi-Season-Waterproof-Neoprene-Realtree/dp/B0894GWRX5/ref=sr_1_6?dchild=1&keywords=rain+boots+for+men&qid=1596071873&sr=8-6;tidewe_rain_boots;40
https://www.amazon.com/Servus-Chemical-Resistant-Steel-Boots-Black/dp/B0042T1OT6/ref=sr_1_7?dchild=1&keywords=rain+boots+for+men&qid=1596071873&sr=8-7;honeywell_rain_boots;40
https://www.amazon.com/Quicksilk-Mens-Waterproof-Hiking-TagSize43/dp/B075XH6NCY/ref=sr_1_8?dchild=1&keywords=rain+boots+for+men&qid=1596071873&sr=8-8;quicksilk_rain_boots;20
https://www.amazon.com/Columbia-Arcadia-Ii-impermeable-transpirable/dp/B00DQYPM6O/ref=sr_1_2?crid=2DG0BZX24OSXG&dchild=1&keywords=rain+jackets+for+women+waterproof&qid=1596072064&sprefix=rain+jackets%2Caps%2C234&sr=8-2;columbia_arcadia_rain_jacket;20
https://www.amazon.com/Columbia-Womens-Switchback-Lined-Jacket/dp/B072JHK78V/ref=sr_1_3?crid=2DG0BZX24OSXG&dchild=1&keywords=rain+jackets+for+women+waterproof&qid=1596072064&sprefix=rain+jackets%2Caps%2C234&sr=8-3;columbia_switchback_rain_jacket;20
https://www.amazon.com/Starter-Standard-Womens-Waterproof-Breathable/dp/B07C7K7VCV/ref=sxin_7_pb?crid=2DG0BZX24OSXG&cv_ct_cx=rain+jackets+for+women+waterproof&dchild=1&keywords=rain+jackets+for+women+waterproof&pd_rd_i=B07C7K7VCV&pd_rd_r=910944c2-ffbd-40fb-9905-21cde2e6c59a&pd_rd_w=8EnRB&pd_rd_wg=uHhpj&pf_rd_p=637c1b37-abd1-4cb6-a8e7-ff32d038d214&pf_rd_r=RR6JRYT6G23ZPWKPP54X&psc=1&qid=1596072064&sprefix=rain+jackets%2Caps%2C234&sr=1-1-8065ff8c-2587-4a7f-b8da-1df8b2563c11;starter_rain_jacket;15
https://www.amazon.com/Amazon-Essentials-Womens-Waterproof-Jacket/dp/B07BMP7WP5/ref=sxin_7_pb?crid=2DG0BZX24OSXG&cv_ct_cx=rain+jackets+for+women+waterproof&dchild=1&keywords=rain+jackets+for+women+waterproof&pd_rd_i=B07BMP7WP5&pd_rd_r=910944c2-ffbd-40fb-9905-21cde2e6c59a&pd_rd_w=8EnRB&pd_rd_wg=uHhpj&pf_rd_p=637c1b37-abd1-4cb6-a8e7-ff32d038d214&pf_rd_r=RR6JRYT6G23ZPWKPP54X&psc=1&qid=1596072064&sprefix=rain+jackets%2Caps%2C234&sr=1-2-8065ff8c-2587-4a7f-b8da-1df8b2563c11;essentials_rain_jacket;40
https://www.amazon.com/5Oaks-Womens-Packable-Raincoats-Waterproof/dp/B07H48WHWX/ref=sxin_7_pb?crid=2DG0BZX24OSXG&cv_ct_cx=rain+jackets+for+women+waterproof&dchild=1&keywords=rain+jackets+for+women+waterproof&pd_rd_i=B07H48WHWX&pd_rd_r=910944c2-ffbd-40fb-9905-21cde2e6c59a&pd_rd_w=8EnRB&pd_rd_wg=uHhpj&pf_rd_p=637c1b37-abd1-4cb6-a8e7-ff32d038d214&pf_rd_r=RR6JRYT6G23ZPWKPP54X&psc=1&qid=1596072064&sprefix=rain+jackets%2Caps%2C234&sr=1-3-8065ff8c-2587-4a7f-b8da-1df8b2563c11;oaks_rain_jacket;20
https://www.amazon.com/Columbia-Watertight-Jacket-Black-Large/dp/B00DQYWIHA/ref=sr_1_5?dchild=1&keywords=rain+jackets+for+men+waterproof&qid=1596072206&sr=8-5;columbia_watertight_rain_jacket;20
https://www.amazon.com/Baleaf-Packable-Waterproof-Pullover-Raincoat/dp/B0753CSMGT/ref=sr_1_6?dchild=1&keywords=rain+jackets+for+men+waterproof&qid=1596072206&sr=8-6;baleaf_rain_jacket;10
https://www.amazon.com/Frogg-Toggs-Ultra-Lite2-Jacket-X-Large/dp/B00CLVM6D0/ref=sr_1_7?dchild=1&keywords=rain+jackets+for+men+waterproof&qid=1596072206&sr=8-7;frogg_toggs_rain_jacket;10
https://www.amazon.com/SWISSWELL-Waterproof-Windbreaker-Lightweight-Raincoat/dp/B08424CV88/ref=sr_1_8?dchild=1&keywords=rain+jackets+for+men+waterproof&qid=1596072206&sr=8-8;swisswell_rain_jacket;10
https://www.amazon.com/North-Face-Mens-Resolve-Jacket/dp/B01HQSWJK2/ref=sr_1_9?dchild=1&keywords=rain+jackets+for+men+waterproof&qid=1596072206&sr=8-9;north_face_rain_jacket:40
