product_imagelink,product_link,product_name,product_price
"https://m.media-amazon.com/images/I/71PQAG8MPYL._AC_UY218_.jpg,https://m.media-amazon.com/images/I/81Xt-Js637L._AC_UY218_.jpg,https://m.media-amazon.com/images/I/81RRVqnfhnL._AC_UY218_.jpg,https://m.media-amazon.com/images/I/71Yap6FBKpL._AC_UY218_.jpg,https://m.media-amazon.com/images/I/719Hhl6SK0L._AC_UY218_.jpg,https://m.media-amazon.com/images/I/71a45p0ibtL._AC_UY218_.jpg,https://m.media-amazon.com/images/I/61vGJiuEh5L._AC_UY218_.jpg,https://m.media-amazon.com/images/I/910A4wGpvRL._AC_UY218_.jpg,https://m.media-amazon.com/images/I/81kPwyk3alL._AC_UY218_.jpg,https://m.media-amazon.com/images/I/811lnr5igeL._AC_UY218_.jpg,https://m.media-amazon.com/images/I/61AwaDIeSML._AC_UY218_.jpg,https://m.media-amazon.com/images/I/61rMDol67KL._AC_UY218_.jpg,https://m.media-amazon.com/images/I/81Rkp7A5DsL._AC_UY218_.jpg,https://m.media-amazon.com/images/I/71gdaKvLZ8L._AC_UY218_.jpg,https://m.media-amazon.com/images/I/81p3qY5GuUL._AC_UY218_.jpg,https://m.media-amazon.com/images/I/81uFlxykU3L._AC_UY218_.jpg",,"
    
    
        ,
    
,Airhead Classic | 1-2 Person Snow Sled,Slippery Racer Downhill Xtreme Toboggan Snow Sled,GoFloats Winter Snow Tube - Inflatable Sled for Kids and Adults (Choose from Unicorn, Ice Dragon, Polar Bear, Penguin, Flamingo),Yukon Hammerhead Pro HD Steerable Snow Sled with Aluminum Frame,Flexible Flyer Metal Snow Disc Saucer Sled. Steel Sand Slider,Flexible Flyer Snow Screamer 2-Person Snow Sled,Flexible Flyer 611 Flying Carpet Lightweight Roll Up Snow Sled Portable Rolling Snow Slider, Blue,Slippery Racer Downhill Sprinter Winter Toboggan Snow Sled - 2 PACK,Slippery Racer Downhill Sprinter Toboggan Snow Sled,Best Choice Products 48in Kids Plastic Toboggan Snow Sled with Pull Rope,Flexible Flyer 3-pack Snow Saucer Sleds. Round Sand Slider Disc Toy,HIWENA Snow Tubes, Inflatable Snow Tubes for Family with 2 Higher Handles, Heavy Duty Snow Sled for Adults, and Snow Toy for Kids, 48 and 37 Inch Snowflake Snow Tubes (2 Pack),Slippery Racer Downhill Xtreme Winter Toboggan Snow Sled - TWIN PACK,MOVTOTOP Snow Tubes, 47 Inch Inflatable Snow Sleds, Durable Snow Tubes for Sledding with Handles, Heavy Duty Inflatable Snow Tube Made by Thickening Material of 0.6mm,Best Choice Products 35in Kids Plastic Toboggan Snow Sled with Pull Rope, 2 Handles,A-DUDU Snow Tube - Super Big 47 Inch Inflatable Snow Sled for Kids and Adults - Heavy Duty Inflatable Snow Tube Made by Thickening Material of 0.6mm","12,.,09,38,.,70,29,.,99,101,.,48,39,.,99,30,.,98,7,.,99,50,.,78,30,.,03,32,.,99,34,.,90,29,.,99,67,.,62,13,.,99,24,.,99,27,.,99"
"https://m.media-amazon.com/images/I/51EZQn++rPL._AC_UY218_.jpg,https://m.media-amazon.com/images/I/61NxABbEZML._AC_UY218_.jpg,https://m.media-amazon.com/images/I/61yvf5yfVNL._AC_UY218_.jpg,https://m.media-amazon.com/images/I/916o66Pr8QL._AC_UY218_.jpg,https://m.media-amazon.com/images/I/71XLg4d0C8L._AC_UY218_.jpg,https://m.media-amazon.com/images/I/51KSxPLr6VL._AC_UY218_.jpg,https://m.media-amazon.com/images/I/91F-FgTcDuL._AC_UY218_.jpg,https://m.media-amazon.com/images/I/71505snxWML._AC_UY218_.jpg,https://m.media-amazon.com/images/I/71n--QnltfL._AC_UY218_.jpg,https://m.media-amazon.com/images/I/71+qdikRg3L._AC_UY218_.jpg,https://m.media-amazon.com/images/I/61jIW5gNWZL._AC_UY218_.jpg,https://m.media-amazon.com/images/I/61EwD8SydiL._AC_UY218_.jpg,https://m.media-amazon.com/images/I/61Sv1SLWjFL._AC_UY218_.jpg,https://m.media-amazon.com/images/I/61EOeCLyVXL._AC_UY218_.jpg,https://m.media-amazon.com/images/I/811o5ptvg7L._AC_UY218_.jpg,https://m.media-amazon.com/images/I/61u7XH2LAcL._AC_UY218_.jpg",,"
    
    
        ,
    
,Shappell Jet Ice Fishing Sled,[2019 Newest] Snow Tube - Super Big 47 Inch Inflatable Snow Sled for Kids and Adults - Double Layer Bottom & Strengthened Handles Sledding Tube - Heavy Duty Made by Thickening Material of 0.6mm,Airhead Rocket Plastic Snow Sled,Sno-Storm 50"" Vipernex Snow Sled 2-Pack,Flexible Flyer Big Air Heavy Duty Inflatable Snow Sled. Sno Slider,FUNBOY Giant Inflatable Snowmobile Sled Luxury Pool Float,Sled Dog Soldiers,TSL Sleds Kid's Pull Sled,OUTDOOR NATION Downhill Sprinter Toboggan Snow Sled Durable with 2 Handles Pull Rope,Slippery Racer Downhill Pro Saucer Disc Snow Sled - 3 PACK,Zipfy, Snow Sled, Classic Freestyle Luge, Two-Toned - Firefly Red,ANYOYO Kids Outdoor Plastic Sport Toboggan Winter Snow Sled Board w/Pull Rope,Pull Ropes for Outdoor Winter Slider Downhill Snow Board,Baby Pull Sled Sled Slider Snow Screamer, Blue 35"" x 18"" x 5"",Goplus Wood Sled, Snow Wood Sled Pull Steering Slider Sleigh Toboggan Bogganwith Solid Wood Seat Pulling Rope, for Kids Toddlers,Goplus Snow Racer Sled, Ski Sled Slider Board with Steering Wheel, Twin Brakes, Retractable Pull Rope, for Kids Age 4 & up, Holds Two Children or a Teenager,Lucky Bums Kids  Plastic Snow Sled, 35-inch Toboggan, Blue,Superio Round Kids Snow Sled","49,.,99,21,.,99,12,.,99,60,.,00,19,.,99,99,.,00,1,.,99,39,.,00,29,.,99,49,.,19,40,.,00,29,.,99,82,.,99,72,.,99,26,.,99,17,.,16"
"https://m.media-amazon.com/images/I/71L3WWHJ+OL._AC_UY218_.jpg,https://m.media-amazon.com/images/I/81DPV9uduAL._AC_UY218_.jpg,https://m.media-amazon.com/images/I/81ujOtD+uuL._AC_UY218_.jpg,https://m.media-amazon.com/images/I/61DqFT-PbML._AC_UY218_.jpg,https://m.media-amazon.com/images/I/71dqusuKL2L._AC_UY218_.jpg,https://m.media-amazon.com/images/I/81zkwFkrnhL._AC_UY218_.jpg,https://m.media-amazon.com/images/I/61Q1BKyGE0L._AC_UY218_.jpg,https://m.media-amazon.com/images/I/61YBbey6m5L._AC_UY218_.jpg,https://m.media-amazon.com/images/I/81+Frr0bf1L._AC_UY218_.jpg,https://m.media-amazon.com/images/I/71lMH9wlk5L._AC_UY218_.jpg,https://m.media-amazon.com/images/I/71KJeOCGa9L._AC_UY218_.jpg,https://m.media-amazon.com/images/I/61yAZHoWcjL._AC_UY218_.jpg,https://m.media-amazon.com/images/I/51e4LmVywEL._AC_UY218_.jpg,https://m.media-amazon.com/images/I/71nUGiIyFnL._AC_UY218_.jpg,https://m.media-amazon.com/images/I/31-awM4TngL._AC_UY218_.jpg,https://m.media-amazon.com/images/I/51r0vO1FHhL._AC_UY218_.jpg",,"
    
    
        ,
    
,Flexible Flyer Winter Trek Large Pull Sled for Adults. Plastic Toboggan for Snow Sledding, Ice Fishing, Work,H2OGO! Flurryz Inflatable Snow Sled | Heavy Duty Winter Snow Tube for Kids | Durable PVC Material with Oversized Handles | Perfect for Children Ages 6 and Up,Geospace Original LED Ski Skooter: Fold-up Snowboard Kick-Scooter for Use on Snow, Assorted Colors (Red, Purple or Blue),Flexible Flyer Lightning Snow Sleds for Kids & Adults. Plastic Toboggan Sand Slider 48” 3-Pack,Flexible Flyer F26 Foam Snow Saucer Sled. Round SNO Disc Slider, 26"",Franklin Sports Arctic Trails Inflatable Snow Sled – Snow Tube – Snow Rider – Snow Racer –Lightweight Sled – Freeze-Resistant,Zipfy Freestyle Mini Luge Snow Sled,Avalanche Brands Sled (48-Inch),SportsStuff  Gizmo Kids Inflatable Snow Tube/Sled, Green, Large (30-1203),Flexible Flyer Baby Pull Sled. Wood Toddler to-Boggan. Wooden Sleigh for Kids,Amazon Essentials Girls' Water-Resistant Snow Bib,Avalanche Brands Sled (35-Inch),WateBom Snow Tube with Bulldog Design, Inflatable Snow Sled for Kids or Adults, 48 Inches Heavy Duty Snow Toys with Two Handles and Comfortable Backrest,Flexible Flyer Metal Runner Sled. Steel & Wood Steering Snow Slider,Slippery Racer Downhill Ski Scooter Snow Sled,Ice Dogs","66,.,06,19,.,99,39,.,99,98,.,40,23,.,99,19,.,99,35,.,00,39,.,99,17,.,79,49,.,99,28,.,65,29,.,99,17,.,98,96,.,99,34,.,90,7,.,79"
"https://m.media-amazon.com/images/I/61MGxgVzQqL._AC_UY218_.jpg,https://m.media-amazon.com/images/I/61S7XQ-PdCL._AC_UY218_.jpg,https://m.media-amazon.com/images/I/715zoGc0krL._AC_UY218_.jpg,https://m.media-amazon.com/images/I/41061VKXJ9L._AC_UY218_.jpg,https://m.media-amazon.com/images/I/813GoN+TOLL._AC_UY218_.jpg,https://m.media-amazon.com/images/I/71JZ6WRjIsL._AC_UY218_.jpg,https://m.media-amazon.com/images/I/51Tazmzqt5L._AC_UY218_.jpg,https://m.media-amazon.com/images/I/618BtAvx59L._AC_UY218_.jpg,https://m.media-amazon.com/images/I/81+WmE+5q+L._AC_UY218_.jpg,https://m.media-amazon.com/images/I/718+ErMKP4L._AC_UY218_.jpg,https://m.media-amazon.com/images/I/81HDImIZ-BL._AC_UY218_.jpg,https://m.media-amazon.com/images/I/61ItfoGKrnL._AC_UY218_.jpg,https://m.media-amazon.com/images/I/61NmqGwRPCL._AC_UY218_.jpg,https://m.media-amazon.com/images/I/71lIrEG-kFL._AC_UY218_.jpg,https://m.media-amazon.com/images/I/61FLesuiLEL._AC_UY218_.jpg,https://m.media-amazon.com/images/I/61sbO9rJCmL._AC_UY218_.jpg",,"
    
    
        ,
    
,Yimeezuyu Snow Sled Kids Toboggan Downhill Pull Sled Sand Grass Skiing Snowboard Boat Sleigh for Unisex Kids Adults,Sled Head 24-7,BigMouth Inc. Monster Mouth Snow Tube – 3.5 ft. Wide Inflatable Snow Tube with Easy Grip Handles, Made of Durable Vinyl with Welded Seams – Makes a Great Gift, Multi Colour,EMSCO Group Infant Boggan Ergonomic and Child Safe Design,Slippery Racer Downhill Xtreme Toboggan Snow Sled (Renewed),Slippery Racer Downhill Pro Saucer Disc Snow Sled,Topwon Simple Winter Snow Sled for Kids and Adults, High Speed Snow Sled,Winterial Downhill Inflatable Snow Sled - 1-2 Person Double Snow Sled with Durable Puncture Resistant Cover for Kids & Adults Sledding (Red),Matty's Toy Stop 26"" Heavy Duty Plastic Snow Sled Toboggan with Tow Rope for Kids Red, Yellow & Blue Gift Set Bundle - 3 Pack,Slippery Racer Superman Downhill Pro Saucer Snow Sled, Blue,Airhead Tie Dye Alien | 1-2 Person Foam Snow Sled,XFlated Snow Tube, Heavy Duty Inflatable Snow Tube Sled for Kids and Adults, Giant Snow Toys for Winter Sport Fun,Flexible Flyer Baby Pull Sled. Toddler Boggan. Sleigh for Kids,Kupton Inflatable Snow Tube for Sledding, Snow Sleds for Kids and Adults, Heavy Duty 47 Inch Large Size Snow Tubes with Strong Handles, Thickening Freeze-Proof & Wear-Resistant Material,ESP 66"" Family Fun Toboggan Four Rider Sled,CMYK Fox Snow Tube,  Wide Inflatable Snow Tube with Easy Grip Handles, Inflatable Sled for Kids and Adults Made of Durable Vinyl with Welded Seams","53,.,86,0,.,99,19,.,99,37,.,68,27,.,87,25,.,95,14,.,99,99,.,99,29,.,95,24,.,99,32,.,99,19,.,99,32,.,66,46,.,95,18,.,99"
"https://m.media-amazon.com/images/I/91o9950KhoL._AC_UY218_.jpg,https://m.media-amazon.com/images/I/91zKAhUw20L._AC_UY218_.jpg,https://m.media-amazon.com/images/I/71rK++cnZbL._AC_UY218_.jpg,https://m.media-amazon.com/images/I/61HZdfuZpjL._AC_UY218_.jpg,https://m.media-amazon.com/images/I/81NMqa7Q4zL._AC_UY218_.jpg,https://m.media-amazon.com/images/I/61t10Tmv1FL._AC_UY218_.jpg,https://m.media-amazon.com/images/I/7152A6moBVL._AC_UY218_.jpg,https://m.media-amazon.com/images/I/71JaMXROpcL._AC_UY218_.jpg,https://m.media-amazon.com/images/I/61FHCJUf4NL._AC_UY218_.jpg,https://m.media-amazon.com/images/I/614TaEqOMeL._AC_UY218_.jpg,https://m.media-amazon.com/images/I/71vx2-QVtAL._AC_UY218_.jpg,https://m.media-amazon.com/images/I/715-lfDFWWL._AC_UY218_.jpg,https://m.media-amazon.com/images/I/91iqhgLkMWL._AC_UY218_.jpg,https://m.media-amazon.com/images/I/61Bip6kZHTL._AC_UY218_.jpg,https://m.media-amazon.com/images/I/61EO0tS5HqL._AC_UY218_.jpg,https://m.media-amazon.com/images/I/71ln3yBx6eL._AC_UY218_.jpg",,"
    
    
        ,
    
,Sno-Storm 50"" Viper Snow Sled 2-Pack,PIPELINE SNO Racer Inflatable 1 Person Snow Tube with 2 Grip Handles, 32” Inch Diameter,Vipernex 50"" Snow Sled 2-Pack,Yamaha Apex Snow Bike Sled Tube,Griswold Original Saucer Sled - Christmas Vacation,CLISPEED Inflatable Snow Tube Heavy Duty Freeze-Resistant Large Snow Sled with Handles for Winter Outdoor Fun (Blue),Slippery Racer Downhill Zeus Foam Saucer Snow Sled, Midnight Hologram,Superio Toboggan Snow sled for Kids and Adults - 48"" Long with 2 Handles Pull Ropes (Purple),SKI BUNS SLED Snow Wearable SLED SKI & SLED All in ONE SLED Pants Easy ON and Off Pull Over Outer Clothing JUST SIT and GO,Pelican - MEGA UTILITY GLIDER - LBT66PF12 - Multi-Purpose Utility Sled – Lightweight – Transport you Gear, Ice Fishing & Hunting Equipment and MORE,Superio Toboggan Snow sled for Kids and Adults - 35"" Long with 2 Handles Pull Ropes,Stiga Snowracer King Size GT Snow Sled,Xino Sports Premium Inflatable Snow Tube, Large 42 inch Diameter Sled, Heavy Duty Design to Provide Hours of Fun, Snow Sledding,Costzon Snow Racer Sled, Ski Sled with Steering Wheel and Twin Brakes, Durable Steel Frame, Classic Downhill Steerable Sled for Kids Teenagers (Blue),Poolmaster Snow Cap Inflatable Saucer for Snow/Water,Plastic Unisex Sleigh Snow Sleds Toboggans,Grass Snow Tube Skiing Sleds Tool,Beetle sled snowboard,Kids Winter Comfortable Toboggan Snow Tube Skiing Tool,for Children Grass Skiing/Sand Boarding","69,.,51,16,.,77,79,.,99,99,.,99,59,.,99,8,.,99,24,.,54,36,.,94,24,.,97,59,.,99,24,.,00,219,.,95,16,.,99,99,.,99,10,.,28"
"https://m.media-amazon.com/images/I/61TslwqPlTL._AC_UY218_.jpg,https://m.media-amazon.com/images/I/71m2qAA2PgL._AC_UY218_.jpg,https://m.media-amazon.com/images/I/61t6JI0wU6L._AC_UY218_.jpg,https://m.media-amazon.com/images/I/61R4RVrN5lL._AC_UY218_.jpg,https://m.media-amazon.com/images/I/916XQL5GwiL._AC_UY218_.jpg,https://m.media-amazon.com/images/I/513cNdEgbKL._AC_UY218_.jpg,https://m.media-amazon.com/images/I/71SLXmdFtjL._AC_UY218_.jpg,https://m.media-amazon.com/images/I/81qynbADTVL._AC_UY218_.jpg,https://m.media-amazon.com/images/I/6180J87sjiL._AC_UY218_.jpg,https://m.media-amazon.com/images/I/7173NYr1-2L._AC_UY218_.jpg,https://m.media-amazon.com/images/I/41gv+isKWBL._AC_UY218_.jpg,https://m.media-amazon.com/images/I/718PdZd1AxL._AC_UY218_.jpg,https://m.media-amazon.com/images/I/512+DM8nWWL._AC_UY218_.jpg,https://m.media-amazon.com/images/I/71nSUnX86SL._AC_UY218_.jpg,https://m.media-amazon.com/images/I/71+NJv3f3yL._AC_UY218_.jpg,https://m.media-amazon.com/images/I/717w3DTe6eL._AC_UY218_.jpg",,"
    
    
        ,
    
,Slippery Racer Downhill Falcon 49"" Foam Toboggan Snow Sled, Midnight Hologram,Unplugged Explorers 6 pc. Ultimate Snow Toys kit, Winter Sports- 1 Red Sled, Snow Brick Maker, Snow Digger & Snow Mold, 2 Snowball Makers (1 Free) 1 Oversized Winter Toys Storage,Flexible Flyer Snow Seat Sled. Lightweight Portable Butt SNO Slider,Slippery Racer Downhill Thunder Kids Snow Sled,Snow Dogs,Zipfy Junior Mini Luge Snow Sled,Lucky Bums Plastic Saucer Snow Sled, Blue, 25 inch diameter,Slinky 400130-2 Ideal SNO Toys SNO-Buddy Penguin,Snow Toboggan Sled Lightweight Roll Up Snow Sled Portable Snow Rolling Slider Blue Flying Sand Grass Carpet, 17 x 36 Inches,Sportsstuff Snopedo Inflatable Snow Tube/Sled/Sled,ERA GROUP 960 60x20x6 Pro Exped Sled,Winterial Inflatable Snow Sled Tube - Deluxe 50"" Inflatable Snow Sled for Kids and Adults with Shoulder Strap and Padded Handles/Big Snow Tube Toys for Kids (Red),D-FantiX Snowball Maker Snow Toys for Kids Outdoor Winter Toys Snow Play Games Boys 14 Inch Large 3 Pack,XGEAR 47 Inch Inflatable Snow Tube - Heavy Duty 0.6mm Snow Rider Sled for Kids and Adults, 2 Higher Handles,Airhead Emoji Squad | 2 Person Foam Toboggan Snow Sled,3 Pieces Summer Balaclava Sun Protection Face Mask Breathable Long Neck Cover for Men Usage","34,.,53,27,.,97,7,.,99,25,.,39,2,.,99,23,.,37,12,.,00,15,.,99,13,.,89,54,.,68,101,.,80,13,.,99,14,.,98,32,.,99,15,.,99"
"https://m.media-amazon.com/images/I/81qynbADTVL._AC_UY218_.jpg,https://m.media-amazon.com/images/I/6180J87sjiL._AC_UY218_.jpg,https://m.media-amazon.com/images/I/7173NYr1-2L._AC_UY218_.jpg,https://m.media-amazon.com/images/I/41gv+isKWBL._AC_UY218_.jpg,https://m.media-amazon.com/images/I/718PdZd1AxL._AC_UY218_.jpg,https://m.media-amazon.com/images/I/512+DM8nWWL._AC_UY218_.jpg,https://m.media-amazon.com/images/I/71nSUnX86SL._AC_UY218_.jpg,https://m.media-amazon.com/images/I/71lIrEG-kFL._AC_UY218_.jpg,https://m.media-amazon.com/images/I/71+NJv3f3yL._AC_UY218_.jpg,https://m.media-amazon.com/images/I/71OYtb7QDoL._AC_UY218_.jpg,https://m.media-amazon.com/images/I/710zac4M8yL._AC_UY218_.jpg,https://m.media-amazon.com/images/I/61EPr4qMJvL._AC_UY218_.jpg,https://m.media-amazon.com/images/I/61g5Ec4hMqL._AC_UY218_.jpg,https://m.media-amazon.com/images/I/71PsoDo0t7L._AC_UY218_.jpg,https://m.media-amazon.com/images/I/51PsDWX1kbL._AC_UY218_.jpg,https://m.media-amazon.com/images/I/713T4MCp3pL._AC_UY218_.jpg",,"
    
    
        ,
    
,Slinky 400130-2 Ideal SNO Toys SNO-Buddy Penguin,Snow Toboggan Sled Lightweight Roll Up Snow Sled Portable Snow Rolling Slider Blue Flying Sand Grass Carpet, 17 x 36 Inches,Sportsstuff Snopedo Inflatable Snow Tube/Sled/Sled,ERA GROUP 960 60x20x6 Pro Exped Sled,Winterial Inflatable Snow Sled Tube - Deluxe 50"" Inflatable Snow Sled for Kids and Adults with Shoulder Strap and Padded Handles/Big Snow Tube Toys for Kids (Red),D-FantiX Snowball Maker Snow Toys for Kids Outdoor Winter Toys Snow Play Games Boys 14 Inch Large 3 Pack,XGEAR 47 Inch Inflatable Snow Tube - Heavy Duty 0.6mm Snow Rider Sled for Kids and Adults, 2 Higher Handles,Kupton Inflatable Snow Tube for Sledding, Snow Sleds for Kids and Adults, Heavy Duty 47 Inch Large Size Snow Tubes with Strong Handles, Thickening Freeze-Proof & Wear-Resistant Material,Airhead Emoji Squad | 2 Person Foam Toboggan Snow Sled,Flexible Flyer Pad for Baby Pull Sleigh, Toddler Boggan Sled Cushion,Hey! Play! Snowball Maker Tool with Handle for Snow Ball Fights, Fun Winter Outdoor Activities and More, For Kids and Adults (Set of 2),Sled Legs Wearable Snow Sleds – Fun Winter Accessories with Leg Support – Family Friendly Winter Activities – Exciting Winter Fun in The Snow                            ,Avalanche Brands Saucer Snow Sled,Flexible Flyer BCL-40  Premium Baby Sleigh. Toddler Boggan. Wooden Pull Sled for Kids, 29 x 14 x 11.5 inches,UHBGT Snow Sleds Plastic Toboggan Snow Sled Downhill Winter Sleds for Kids and Adult (25.5 x 14.1 x 4.3 inches),Sportsstuff Descender Kids Inflatable Snow Tube/Sled with Ultra Durable Nylon Cover","12,.,00,15,.,99,13,.,89,54,.,68,101,.,80,13,.,99,14,.,98,32,.,99,31,.,74,10,.,32,50,.,00,29,.,99,83,.,48,18,.,99,58,.,10"
"https://m.media-amazon.com/images/I/51+ahV-jCJL._AC_UY218_.jpg,https://m.media-amazon.com/images/I/61UQOdjemSL._AC_UY218_.jpg,https://m.media-amazon.com/images/I/61dI9oG1iUL._AC_UY218_.jpg,https://m.media-amazon.com/images/I/71gY3Xta9GL._AC_UY218_.jpg,https://m.media-amazon.com/images/I/61pyTuT8zwL._AC_UY218_.jpg,https://m.media-amazon.com/images/I/615W+iksYuL._AC_UY218_.jpg,https://m.media-amazon.com/images/I/91852VI1N+L._AC_UY218_.jpg,https://m.media-amazon.com/images/I/81adTaAj2QL._AC_UY218_.jpg,https://m.media-amazon.com/images/I/71aJJ72tHIL._AC_UY218_.jpg,https://m.media-amazon.com/images/I/61LmUW8RPuL._AC_UY218_.jpg,https://m.media-amazon.com/images/I/51qtHm3JUfL._AC_UY218_.jpg,https://m.media-amazon.com/images/I/71Z5zu5DpdL._AC_UY218_.jpg,https://m.media-amazon.com/images/I/91Agg1B2x7L._AC_UY218_.jpg,https://m.media-amazon.com/images/I/61F-KC2az6L._AC_UY218_.jpg,https://m.media-amazon.com/images/I/61ZlVIVh6pL._AC_UY218_.jpg,https://m.media-amazon.com/images/I/91ayNOGy6rL._AC_UY218_.jpg",,"
    
    
        ,
    
,Superio 24"" Round Kids Saucer Snow Sled-2 Pack,The Original LED Ski Skooter, Fold-up Snowboard Kick-Scooter for Use on Snow & Grass, Snow Sled, Winter Toys,Super Quality Trailerable Snowmobile Sled Cover fits Ski-Doo GSX Limited 800 HO 2005 2006 2007,COOLOO Ski Goggles, Snowboard Goggles for Men Women & Youth, Kids, Boys & Girls, Snow Goggle Winter Skiing Sport Goggles with Helmet Anti Fog Protection, Anti-Glare Lenses, Wind Resistance, 2 Pack,Flexible Flyer Wood Toboggan. Snow Sled Adults & Kids,Flexible Flyer Winter Heat Snow Sled. Plastic Sno Slider Bobsled,AIRHEAD MONSTA Foam Carpet Sled - Blue,Flexible Flyer Inflatable Snow Tube. 1-2 Person Double Sled for Kids & Adults Sledding,Slippery Racer Grande XL Commercial Inflatable Snow Tube Sled,Merry Christmas Deer Sled Santa Claus Snow Face Scarf Air Pollution Protect Bandanas Multi-Purpose Headband Neck Gaiter Wrap Washable Balaclava Mouth Cover with Ear Loops for Men Women Outdoor Riding,Goplus 35"" Snow Sled Sand Grass Skiing for Kids Boat Sledge Toboggan Downhill Sprinter with 2 Handles and Pull Rope,Bestway H2GO Snow Flurryz Sled Outdoor Inflatable Kids Snow Tube Sled,The Stinky & Dirty Show - Season 2 Part 1,Myfreed Snow Saucer Sleds Round Thick Plastic Saucer Snow Sled for Kids and Adults Winter Outdoor Sport Blue,Goplus Wood Sled, 54” Steel & Wood Sled Pull Steering Snow Slider Sleigh Toboggan with Metal Runners and Steering Bar,WindRider Snow Tube | Heavy Duty with a Hard Plastic Bottom, Durable Cordura Nylon Top | Towable | High Speed Snow Sled","29,.,99,39,.,99,74,.,97,14,.,99,100,.,99,28,.,19,7,.,54,24,.,95,149,.,99,13,.,99,29,.,99,32,.,99,25,.,99,89,.,99,135,.,55"
"https://m.media-amazon.com/images/I/413VXqNjgpL._AC_UY218_.jpg,https://m.media-amazon.com/images/I/71tMMQJLU7L._AC_UY218_.jpg,https://m.media-amazon.com/images/I/71b5EDHO6uL._AC_UY218_.jpg,https://m.media-amazon.com/images/I/71xAmPUwltL._AC_UY218_.jpg,https://m.media-amazon.com/images/I/81Q6rCOsD0L._AC_UY218_.jpg,https://m.media-amazon.com/images/I/51Lmo5DQ11L._AC_UY218_.jpg,https://m.media-amazon.com/images/I/61PYO23k3UL._AC_UY218_.jpg,https://m.media-amazon.com/images/I/61FZnhy7wPL._AC_UY218_.jpg,https://m.media-amazon.com/images/I/71W51dS9FVL._AC_UY218_.jpg,https://m.media-amazon.com/images/I/71cS5OS00vL._AC_UY218_.jpg,https://m.media-amazon.com/images/I/81aR1IjqSUL._AC_UY218_.jpg,https://m.media-amazon.com/images/I/61UfIOqyL6L._AC_UY218_.jpg,https://m.media-amazon.com/images/I/71ZkVXt1rUL._AC_UY218_.jpg,https://m.media-amazon.com/images/I/61qfCcEK0SL._AC_UY218_.jpg,https://m.media-amazon.com/images/I/61ELbjOsnoL._AC_UY218_.jpg,https://m.media-amazon.com/images/I/61kQ9vZWSmL._AC_UY218_.jpg",,"
    
    
        ,
    
,W-ShiG Downhill Saucer Disc Snow Sled, Snow Slider for Outdoor Sports,OMORC Kids Snow Sleds 3 Pack, 25.4” L Winter Snow Toboggan Sled, Rope Included for Girls and Boys, 110lbs Capacity, Set of 3 Colors,AIRHEAD SILLY POLAR BEAR Foam Sled, 33"",Flexible Flyer Trick 360 Knee Sled. Kids Foam Plastic Kneeling Snow Slider Board, 42 x 21.5 x 2 inches (F43),Gizmo Riders Meteor Saucer Sled for Kids- Multi-Purpose Sit or Kneel Disc Sled Saucer with Raised Safety Handles for Maximum Steering Control, Sledding Disc for Kids Ages 3 and Up,Sled Dog School,WAQIA Oh Snow Sled for Kids Downhill Sleds Sleigh for Kids,ZUMWax RUB ON Wax Ski/Snowboard - All Temperature Universal - 70 Gram - Incredibly Fast in All Temperatures!!!,Slippery Racer Downhill Pro Saucer Disc Snow Sled (Renewed),Brace Master Snow Tube - 47 Inch Inflatable Heavy Duty Snow Sled Tube 6mm Thickness Material for Highly Tolerant Abrasion Great for Kids and Adults Ideal for Winter Fun,SPORTSSTUFF CANDY CRUISER Snow Tube,CWLAKON Two Snowball Makers,Perfect Outdoor Play Snow Toys for Kids,Two Balls Let You Make Snowballs Quickly(Random 2 Colors),XYQC Winter Snow Sled, 90Cm Durable Downhill Sprinter Toboggan Snow Sled for Kids Boys Girls Adults with Brakes & Pulling Rope & Snow Toys,Airhead Scoot Youth Snow Scooter,BESPORTBLE Inflatable Snow Tubes Heavy Duty Large Snow Sled with Handles for Adults Kids Winter Outdoor Fun 120cm/47Inches - Black,ZIPFY Freestyle Mini Luge Snow Sled (Orange)","21,.,96,38,.,23,21,.,99,47,.,72,39,.,99,4,.,69,20,.,00,15,.,22,29,.,99,19,.,34,9,.,95,94,.,39,38,.,95,15,.,98,106,.,95"
"https://m.media-amazon.com/images/I/71Ag-oc9JCL._AC_UY218_.jpg,https://m.media-amazon.com/images/I/71bIIZH+wkL._AC_UY218_.jpg,https://m.media-amazon.com/images/I/71cJVREqhTL._AC_UY218_.jpg,https://m.media-amazon.com/images/I/716elSSgmoL._AC_UY218_.jpg,https://m.media-amazon.com/images/I/61c3EzutvbL._AC_UY218_.jpg,https://m.media-amazon.com/images/I/81vhNDrJPKL._AC_UY218_.jpg,https://m.media-amazon.com/images/I/612Eb4ZUnKL._AC_UY218_.jpg,https://m.media-amazon.com/images/I/61U5e9gXBHL._AC_UY218_.jpg,https://m.media-amazon.com/images/I/81G1CV3+yUL._AC_UY218_.jpg,https://m.media-amazon.com/images/I/91xtb++83LL._AC_UY218_.jpg,https://m.media-amazon.com/images/I/616B6GDkLsL._AC_UY218_.jpg,https://m.media-amazon.com/images/I/81Ur4x5jypL._AC_UY218_.jpg,https://m.media-amazon.com/images/I/41x63rLEAeL._AC_UY218_.jpg,https://m.media-amazon.com/images/I/814vzA52hoL._AC_UY218_.jpg,https://m.media-amazon.com/images/I/61kQ9vZWSmL._AC_UY218_.jpg,https://m.media-amazon.com/images/I/61+xtZzPPKL._AC_UY218_.jpg",,"
    
    
        ,
    
,ESP 42"" Snow Raider Racer Sled - Orange 1061,Leader Accessories 0.6mm Thickening Heavy Duty Inflatable Snow Tube for Kids and Adults, Super Large 47 inch Diameter Snow Sledding,Classic Accessories 71837  SledGear Deluxe Snowmobile Travel Cover, Large,Black,Snowmobiles 101"" - 118"" L,Emsco Group ESP 1055-2 Snow Caterpillar Linkable Disc Sled, 26 Inch 2 Pack, Orange,OMOR Snow Sled Suitable for Children Under 100 Pounds,PIPELINE SNO Polar Bear Snow-Pal Inflatable Kids Snow Tube with High Back Seat, 33” Inches Long,Combor Inflatable Snow Tube Sled for Adults and Kids 47 Inch Blue,Tube In A Box The Original Swim and Snow Tube, 40"" L,Sesame Street Season 40,Lucky Bums Youth Adult Rugged 48"" Full Wrap Inflatable Snow Sled,AIRHEAD ZIG-ZAG Steerable Sled,London Fog Boys Classic Heavyweight Bib Pant,haixclvyE Plastic Skis Thicken Kids Snow Sled Sledge Ski Board Outdoor Park Skis Skiing Supplies Sleigh Outdoor Grass Sand Slider,Arctix Infant/Toddler Chest High Snow Bib Overalls,ZIPFY Freestyle Mini Luge Snow Sled (Orange),Pannow 34 Outdoor Plastic Snow Sled Winter Toboggan with Brakes for Kids","35,.,98,19,.,99,91,.,67,25,.,99,6,.,98,12,.,99,32,.,99,37,.,89,1,.,99,63,.,27,15,.,99,29,.,99,3,.,95,25,.,50,106,.,95,29,.,99"
"https://m.media-amazon.com/images/I/41sJuPhuQfL._AC_UY218_.jpg,https://m.media-amazon.com/images/I/71bIIZH+wkL._AC_UY218_.jpg,https://m.media-amazon.com/images/I/71YdzNfyVbL._AC_UY218_.jpg,https://m.media-amazon.com/images/I/81PmkPoSccL._AC_UY218_.jpg,https://m.media-amazon.com/images/I/61nZLn9gX8L._AC_UY218_.jpg,https://m.media-amazon.com/images/I/81HlrXra4uL._AC_UY218_.jpg,https://m.media-amazon.com/images/I/719PuyudNQL._AC_UY218_.jpg,https://m.media-amazon.com/images/I/813Ie4gwRQL._AC_UY218_.jpg,https://m.media-amazon.com/images/I/61YsZjpYhSL._AC_UY218_.jpg,https://m.media-amazon.com/images/I/31nLXLHkETL._AC_UY218_.jpg,https://m.media-amazon.com/images/I/81c+NI02EfL._AC_UY218_.jpg,https://m.media-amazon.com/images/I/91ISsFHJwoL._AC_UY218_.jpg,https://m.media-amazon.com/images/I/71tesk9vaNL._AC_UY218_.jpg,https://m.media-amazon.com/images/I/81KPnQFWNpL._AC_UY218_.jpg,https://m.media-amazon.com/images/I/41x63rLEAeL._AC_UY218_.jpg,https://m.media-amazon.com/images/I/81Ar3ZkuK6L._AC_UY218_.jpg",,"
    
    
        ,
    
,Noomer Flying Carpet Lightweight Roll Up Snow Sled Portable Rolling Snow Slider, Foldable Snow Carpet - 38cm56cm,Leader Accessories 0.6mm Thickening Heavy Duty Inflatable Snow Tube for Kids and Adults, Super Large 47 inch Diameter Snow Sledding,TEAM MAGNUS Tundra Wolf sled with Steering Wheel and Twin Brakes Snow Racer sled for Kids Age 6 & up - Holds Two Children or a Teenager,Best Choice Products 53in Kids Wooden Snow Sled Sleigh Toboggan w/Metal Runners, Flexible Steering Bar, 220lb Capacity,Flexible Flyer PT Blaster Steering Ski Sled with Brakes. Plastic Snow Slider,H2OGO! Snow Bestway 56"" Winter Rush Covered Inflatable Snow Tube, Green,Railz Original Snow Sled Ski Scooter for All Ages. Designed & Patented in The USA. Compact Winter Snow Kick & Ski Skooter,Slippery Racer Downhill Derby Kids Steerable Snow Sled,H2OGO! Snow Flurry Child Inflatable Snow Sled,Snowmobile Snow Machine Sled Cover fits Polaris Super Sport 1995 1996 1997 1998 1999 2000 2001 2002 2003 2004 2005 2006 2007 2008,ESP 37"" Dayglow Sno Sprint Racer Sled – Unique Tie Dye Design –  Bright Neon Colors Glow in  Sunlit Snow,The Brightest Light: A Page-Turning Tale of Mystery, Adventure & Love (Alaskan Hearts Book 2),FUN LITTLE TOYS 11Pcs Snowball Maker Tools with Handle for Kids and Adults Snow Ball Fights, Fun Snowball Toys for Winter Outdoor Activities and More,AIRHEAD CYBER RYDER 3D Foam Sled, 48"",haixclvyE Plastic Skis Thicken Kids Snow Sled Sledge Ski Board Outdoor Park Skis Skiing Supplies Sleigh Outdoor Grass Sand Slider,Lucky Bums 34-Inch Plastic Torpedo Sled","13,.,99,19,.,99,155,.,00,76,.,99,79,.,99,69,.,95,49,.,98,32,.,96,35,.,96,28,.,74,3,.,99,49,.,99,3,.,95,50,.,95"
"https://m.media-amazon.com/images/I/4182jnqukgL._AC_UY218_.jpg,https://m.media-amazon.com/images/I/61KZj87e2gL._AC_UY218_.jpg,https://m.media-amazon.com/images/I/81mQu3bDY3L._AC_UY218_.jpg,https://m.media-amazon.com/images/I/91un9BwzSFL._AC_UY218_.jpg,https://m.media-amazon.com/images/I/71JfHAyjGqL._AC_UY218_.jpg,https://m.media-amazon.com/images/I/91-rTWXbCbL._AC_UY218_.jpg,https://m.media-amazon.com/images/I/61YvTEIczmL._AC_UY218_.jpg,https://m.media-amazon.com/images/I/81zfOjr4ftL._AC_UY218_.jpg,https://m.media-amazon.com/images/I/61WQSafgGwL._AC_UY218_.jpg,https://m.media-amazon.com/images/I/51BwbuHRUzL._AC_UY218_.jpg,https://m.media-amazon.com/images/I/61T4c6jz+vL._AC_UY218_.jpg,https://m.media-amazon.com/images/I/619idxnumqL._AC_UY218_.jpg,https://m.media-amazon.com/images/I/617GFpPD-2L._AC_UY218_.jpg,https://m.media-amazon.com/images/I/61CysNvYOCL._AC_UY218_.jpg,https://m.media-amazon.com/images/I/51kZo+rjq2L._AC_UY218_.jpg,https://m.media-amazon.com/images/I/51zSQSZlCGL._AC_UY218_.jpg",,"
    
    
        ,
    
,Zehui Outdoor Snow Sled Grass Sand Slider Toboggan Snow Board for Kids and Adult Random Color,AGPTEK Plastic Outdoor Toboggan Snow Sled for Child,H2OGO! Snow Frost Blitz Inflatable Double Snow Tube (2-Person) | Round Sled w/ Handles for Kids,Snow Buddies,Unigant Children's Sleigh Downhill Plastic Toboggan Snow Sled Kids Plastic Snow Sleds with Pull Rope Winter Comfortable Toboggan Skiing Tools for Grass Skiing/Sand Boarding/Skiing (Pink),AIRHEAD CYBER RYDER  Foam Sled, 39"",Wirezoll Zipfy Freestyle Mini Luge Snow Sled, Yellow,BigMouth Inc. Rocket Ship Double Person Snow Tube – 5 ft. Wide Inflatable Snow Tube with Easy Grip Handles, Made of Durable Vinyl with Welded Seams – Makes a Great Gift,Goplus Snow Racer Sled, 55” Ski Sled Slider Board with Steering Wheel, Twin Brakes, Retractable Pull Rope, for Kids Age 4 & up, Holds Two Children/a Teenager/an Adult,Guoyajf Winter Snow Sled,86cm Durable Downhill Sprinter Toboggan Snow Sled for Kids Boys Girls Adults with Brakes & Pulling Rope & Self-Heating Pad,Gereton Portable Snow Toboggan Sled Carpet Roll Up Snow Sled Slider Skiing Board Toy for Children Adult,Wham-O Deluxe Snow Hog Snow Sled Winter Outdoor Fun for Adults and Kids,Burton Sled Runner T-Shirt Mens,Gizmo Riders Supernova Snow Sled with Brakes for Kids- Disc Sled Saucer with Integrated Lean Back Brake and Raised Safety Handles for Maximum Steering Control, Sled Disc for Ages 3 and Up,TRIEtree Snow Sled for Kids,Snow Sled Toboggan,Portable Outdoor Sport Toboggan Winter Snow Sled Board Grass Skiing Snowboard with Pull Ropes-26x14 Inch,ekqw015l [Snow Sled Eco-Friendly Portable Thicken Kids Adult Snow Sled Sledge Ski Board Sleigh Outdoor Grass Sand Slider Portable Rolling Snow Slider for Kids Adult Skating Snow Ice Playing Blue","5,.,99,27,.,99,2,.,99,18,.,99,84,.,99,10,.,31,79,.,99,29,.,95,34,.,99,17,.,99,5,.,67"
"https://m.media-amazon.com/images/I/91xP3g6kPwL._AC_UY218_.jpg,https://m.media-amazon.com/images/I/51mE8XxkoSL._AC_UY218_.jpg,https://m.media-amazon.com/images/I/51tBphhUmxL._AC_UY218_.jpg,https://m.media-amazon.com/images/I/61U1mTeW4UL._AC_UY218_.jpg,https://m.media-amazon.com/images/I/819toADOWwL._AC_UY218_.jpg,https://m.media-amazon.com/images/I/81O+GC6bCcL._AC_UY218_.jpg,https://m.media-amazon.com/images/I/71zJr4-4KgL._AC_UY218_.jpg,https://m.media-amazon.com/images/I/71V3ow2a0nL._AC_UY218_.jpg,https://m.media-amazon.com/images/I/7104b3bh+DL._AC_UY218_.jpg,https://m.media-amazon.com/images/I/61T71Zs1-SL._AC_UY218_.jpg,https://m.media-amazon.com/images/I/81YtxnejKIL._AC_UY218_.jpg,https://m.media-amazon.com/images/I/51LoQ9+cHvL._AC_UY218_.jpg,https://m.media-amazon.com/images/I/51orY+wlOfL._AC_UY218_.jpg,https://m.media-amazon.com/images/I/41fLl2BANoL._AC_UY218_.jpg,https://m.media-amazon.com/images/I/51In0YMzasL._AC_UY218_.jpg,https://m.media-amazon.com/images/I/711p7Tx+JzL._AC_UY218_.jpg",,"
    
    
        ,
    
,Lucky Bums Inflatable Backcountry Whoopie Snow Sled,Flying Carpet Lightweight Roll Up Snow Sled Portable Rolling Snow Slider, Blue,Gymax Snow Sled, 35” Toboggan Boat Sledge Portable Rolling Snow Slider with 2 Handles and Pull Rope, for Kids Children,Zipfy Mini Luge Artist Series Snow Sled, Maori,BigMouth Inc Flaming Fireball Snow Tube, Giant Inflatable Snow Sled, 5 Feet Wide Fun Snow Toy,Don't Eat Yellow Snow Snowboard/Ski Wax from Deys - Free Plexi Scraper. Gift Ready Combo,AIRHEAD SHRED Snow Skate,Pelican Snow Runner 36"" Red Plastic Snow Sled with Bottom Grooves,Slippery Racer Downhill Blitzer Snow Sled,Flexible Flyer Slalom Master Steerable Snow Sled. 48” Plastic Sno Slider Bobsled,Hedstrom Paw Patrol Shaped Snow Speedster Sled, 33"",Winter Snow Sled, 34"" Outdoor Plastic Snow Sled Winter Toboggan for Kids Boys Girls Adults with Brakes & Pulling Rope & Self-Heating Pad,Green,DankeSh Snow Saucer Sled Plastic Disc Sled Round Snow Sled Kids Snow Sled Saucer,NSG Freshie Snow Scooter Sled Board, Green/Blue,Wonderful Industry ltd Inflatable Snow Sled - Thickened Wear Resistant Inflatable Ski Rings - 31 Inch Inflatable Snow Tube for Kids,Ski-Doo Foam Snow Sled, 48” x 20”, Red","35,.,74,13,.,30,29,.,99,24,.,99,13,.,95,22,.,95,49,.,99,10,.,89,33,.,11,29,.,99,79,.,99,21,.,88,32,.,99,20,.,99,41,.,99"
"https://m.media-amazon.com/images/I/71PlWUMBPdL._AC_UY218_.jpg,https://m.media-amazon.com/images/I/51fMg3n9hhL._AC_UY218_.jpg,https://m.media-amazon.com/images/I/51-1GbhZB5L._AC_UY218_.jpg,https://m.media-amazon.com/images/I/61T4c6jz+vL._AC_UY218_.jpg,https://m.media-amazon.com/images/I/51FXirikLJL._AC_UY218_.jpg,https://m.media-amazon.com/images/I/41CZM9+ge2L._AC_UY218_.jpg,https://m.media-amazon.com/images/I/81M7oK+HliL._AC_UY218_.jpg,https://m.media-amazon.com/images/I/71m9dMSVytL._AC_UY218_.jpg,https://m.media-amazon.com/images/I/71+ihO+yh6L._AC_UY218_.jpg,https://m.media-amazon.com/images/I/614ld2KcTyL._AC_UY218_.jpg,https://m.media-amazon.com/images/I/81nYkDg59XL._AC_UY218_.jpg,https://m.media-amazon.com/images/I/81qlj0HnqkL._AC_UY218_.jpg,https://m.media-amazon.com/images/I/61PEwvm2acL._AC_UY218_.jpg,https://m.media-amazon.com/images/I/713MIkkWabL._AC_UY218_.jpg,https://m.media-amazon.com/images/I/71LBHwNZO-L._AC_UY218_.jpg,https://m.media-amazon.com/images/I/41-Tat1Qj4L._AC_UY218_.jpg",,"
    
    
        ,
    
,A-DUDU Snow Tube - Super Big 47 Inch Inflatable Snow Sled for Kids and Adults - Heavy Duty Inflatable Snow Tube Made by Thickening Material of 0.6mm (Renewed),ekqw015l [Outdoor Snow Sled Grass Sand Slider Winter Sports Snow Sled Sledge Skiing Board Outdoor Sand Grass Sleigh Slider Snow SliderThicken Snow Sled Sledge for Outdoor Sports Rose Red,Paricon Spitfire Foam Snow Sled,Lotuny Lightweight Snow Toboggan Sled Adults Snowboard Ski Snow Sled Roll Up Snow Sled Winter Sports,The Call of the Wild and White Fang (Sterling Unabridged Classics),Wooden Foldable Dog Sled Kicksled,Dyches Fam 2016,Poolmaster Snow Wedge Inflatable Saucer for Snow/Water,Superio Long Sled with Breaks,H2OGO! Snow Winter Rush 3-Person Inflatable Snow Tube,Amazon Essentials Boys Water-Resistant Snow Bibs,Railz Original Snow Sled Ski Scooter Kit for All Ages. Designed & Patented in The USA. Turn Your Favorite Street Kick Skooter into a Snow Scooter.,Sledz Polar Buddies 36"" Snow Sled,Superio Kids Snow Scooter, Ski Scooter, Snowboard, Snow Sled, Sledge Folding Sliding Ski Snowboard with Grip Handle,Rocky Thermal Underwear for Girls Fleece Lined Thermals Kids Base Layer Long John Set,Vispronet Children’s Wooden Sled – Solid Wood Seat with Water-Based Protective Lacquer – Frame Made from Environmentally Friendly Laminated Beech Wood – Holds Up to 200lbs","2,.,14,12,.,97,13,.,18,7,.,89,319,.,00,0,.,99,28,.,74,28,.,99,30,.,03,35,.,99,29,.,99,23,.,99,102,.,99"
"https://m.media-amazon.com/images/I/510mxL05vHL._AC_UY218_.jpg,https://m.media-amazon.com/images/I/81fAdWeelBL._AC_UY218_.jpg,https://m.media-amazon.com/images/I/71G3ta7hp9L._AC_UY218_.jpg,https://m.media-amazon.com/images/I/61+xtZzPPKL._AC_UY218_.jpg,https://m.media-amazon.com/images/I/512aSD8SA6L._AC_UY218_.jpg,https://m.media-amazon.com/images/I/61xdH8fByqL._AC_UY218_.jpg,https://m.media-amazon.com/images/I/51V+uOMvGLL._AC_UY218_.jpg,https://m.media-amazon.com/images/I/71K7VxFe-kL._AC_UY218_.jpg,https://m.media-amazon.com/images/I/618CxEIheqL._AC_UY218_.jpg,https://m.media-amazon.com/images/I/71HLBJtQYtL._AC_UY218_.jpg,https://m.media-amazon.com/images/I/41x63rLEAeL._AC_UY218_.jpg,https://m.media-amazon.com/images/I/81Dzq0KA2kL._AC_UY218_.jpg,https://m.media-amazon.com/images/I/31wNpIvRtnL._AC_UY218_.jpg,https://m.media-amazon.com/images/I/61feyzyXbQL._AC_UY218_.jpg,https://m.media-amazon.com/images/I/71SRe0sNefL._AC_UY218_.jpg,https://m.media-amazon.com/images/I/81ezzBsM0HL._AC_UY218_.jpg",,"
    
    
        ,
    
,haixclvyE Winter Sports Grass Mats Snow Sled Sledge Skiing Board Sandboards Outdoor Simple Skis Sand Grass Sleigh Slider Sand Slides,Scoopjet - Flow Carver - Ergonomic Race & Fun Minibob,AIRHEAD SILLY PENGUIN Foam Sled,Gentlecarin Snow Sled with Brakes, Plastic Toboggan Sleds Outdoor Snow Sled Board 2 Handles Pull Rope Heavy Duty Sled for Unisex Kids Adult Downhill Sprinter Slider Snow Screamer,Gentlecarin Snow Sled, Toboggan Snow Sled Outdoor Plastic Snow Sled 2 Handles for Unisex Kids Adult Toboggan Sled Downhill,Snowboogie Air Thunder 40"" Snow Sled,Molson Runner Sleds Alpine Classic Snow Sled,Budge Sportsman Snowmobile Cover, Waterproof, Fits up to 145"",HIWENA Super Heavy Duty Snow Tube, Hot Air Welding Inflatable Snow Sled, Winter Sport Tube,Snow Daze 40"" Warp Speed Snow Sled,alignmentpai Thicken Kids Adult Snow Sleds, Sledge Ski Board Sleigh for Winter Outdoor Grass Sand Slider Pink,Sno-Storm 48in Snowboard Foam Sled 2-Pack,AIRHEAD SPOON Plastic Sled,AIRHEAD CLASSIC 2 Plastic Sled, 48"" (Renewed),Combor Snow Tube Sled Inflatable 47 inch for Kids and Adults Black,Agit Viper 50"" Snow Sled Light/Dark Blue","4,.,77,79,.,00,22,.,99,26,.,99,17,.,99,39,.,99,35,.,39,26,.,99,45,.,99,3,.,73,80,.,00,9,.,12,17,.,20,32,.,99,64,.,98"
"https://m.media-amazon.com/images/I/71PD4XZz1QL._AC_UY218_.jpg,https://m.media-amazon.com/images/I/712nHcki4AL._AC_UY218_.jpg,https://m.media-amazon.com/images/I/918bhPf96sL._AC_UY218_.jpg,https://m.media-amazon.com/images/I/41TKHvP0RjL._AC_UY218_.jpg,https://m.media-amazon.com/images/I/51y3jlcwzdL._AC_UY218_.jpg,https://m.media-amazon.com/images/I/61-gawhThmL._AC_UY218_.jpg,https://m.media-amazon.com/images/I/81C2vTUvaiL._AC_UY218_.jpg,https://m.media-amazon.com/images/I/410k8rxQ1TL._AC_UY218_.jpg,https://m.media-amazon.com/images/I/71-eiPYMLIL._AC_UY218_.jpg,https://m.media-amazon.com/images/I/71xFsUtuAqL._AC_UY218_.jpg,https://m.media-amazon.com/images/I/61+xtZzPPKL._AC_UY218_.jpg,https://m.media-amazon.com/images/I/61LRQkuIDsL._AC_UY218_.jpg,https://m.media-amazon.com/images/I/51RnYZhQ9fL._AC_UY218_.jpg,https://m.media-amazon.com/images/I/81y89-PxPUL._AC_UY218_.jpg,https://m.media-amazon.com/images/I/61nex14z+RL._AC_UY218_.jpg,https://m.media-amazon.com/images/I/61C9s0sDIRL._AC_UY218_.jpg",,"
    
    
        ,
    
,Flexible Flyer Cyclone Heavy Duty Snow Tube. Round Inflatable Sled. 48” Sno Slider,FITNATE Winter Durable Plastic Snow Sled in Boat Shape Snow Sledge for Child and Adult Outdoor,CatDog Season 3,Fanthee Snow Sled,Thicken Kid Adult Snow Sled Sledge Ski Board Sit On Sleigh Glider Outdoor Slider,BATEER Flying Carpet Snow Sled Lightweight Roll Up Winter Toboggan Outdoor Snow Sled for Kids, Adults,Geospace The Original Sledsterz Kids' Snowboard Assorted Colors, Snow Sled (Red, Purple, or Blue),Slippery Racer Airdual Inflatable Snow Tube Sled, Blue,Paricon Winter Lightning Snow Sled (12 Count),Paricon 54-Inch Flexible Flyer Sled,Lucky Bums Kids Youth Snow Sport Ski Bib Overall,DAMEING Winter Snow Sled Plastic Toboggan 34in Durable Downhill Sprinter Sledding Board for Kids Boys Girls with Brakes Pulling Rope Grass Skiing/Sand Boarding/Skiing Grass Skateboard,Snow Sledge Racer - Steel Snow Sled - Steering Wheel - Brakes,Children's Snowmobile Winter Outdoor Ski Suitable for Adults and Children,Skis Outdoor Snow Sled,E,LIOOBO 3pcs Kids Snow Sled Grass Sand Slider -Portable Grass Skiing Sheet Ski Board,Arctix Boys Men's Snow Sports Cargo Pants,Arctix Kids Insulated Snow Bib Overalls,Mandorra Heavy Duty Snow Sledge Sled Tubes Outdoor Sports Skis Inflatable Skiing Board Double Design sleds Snow Sled Sledding Tube Xmas Gift Best Chrismas Year Gift","63,.,37,1,.,99,7,.,11,14,.,39,34,.,99,41,.,64,25,.,94,25,.,74,319,.,24,29,.,54,24,.,54,31,.,33,85,.,99"
"https://m.media-amazon.com/images/I/81RF-p17NLL._AC_UY218_.jpg,https://m.media-amazon.com/images/I/7162zPbjLrL._AC_UY218_.jpg,https://m.media-amazon.com/images/I/719A7wa7rhL._AC_UY218_.jpg,https://m.media-amazon.com/images/I/31v6DZANMAL._AC_UY218_.jpg,https://m.media-amazon.com/images/I/61EPfN-Od4L._AC_UY218_.jpg,https://m.media-amazon.com/images/I/41-1W-cQCHL._AC_UY218_.jpg,https://m.media-amazon.com/images/I/717a3DzCzVL._AC_UY218_.jpg,https://m.media-amazon.com/images/I/613EhpTiauL._AC_UY218_.jpg,https://m.media-amazon.com/images/I/51S2bMgAs5L._AC_UY218_.jpg,https://m.media-amazon.com/images/I/71tH2syYroL._AC_UY218_.jpg,https://m.media-amazon.com/images/I/51h13JlSUqL._AC_UY218_.jpg,https://m.media-amazon.com/images/I/71e4qKa1QtL._AC_UY218_.jpg,https://m.media-amazon.com/images/I/61BaIieKtHL._AC_UY218_.jpg,https://m.media-amazon.com/images/I/710mm1IZcyL._AC_UY218_.jpg,https://m.media-amazon.com/images/I/61ayKiJCqgL._AC_UY218_.jpg,https://m.media-amazon.com/images/I/317u9HHZo-L._AC_UY218_.jpg",,"
    
    
        ,
    
,Murder on the Iditarod Trail: An Alaskan Mystery (An Alaska Mystery Book 1),Bradley Kid's Flexible Snow Saucer - Padded Insert Snow Tubes,Jet Creations Sled Deer Snow Tube Inflatable 38 inches Long One Person Snow and Water Rider for Kids Fun-DEERM, Multicolor,Pelican - KIT Tow Hitch LDT60/75 - Metal Tow Hitch, for Utility Sled,ILM Ski Helmet Snowboard Snow Sports Sled Skate Outdoor Recreation Gear for Men Women Kids ASTM Certified,Downhill Xtreme Winter Toboggan Outdoor Snow Sled/Flexible Flying Saucer/Foldable Snow Carpet,Flexible Flyer Double Seater Snow Screamer Foam Sled (3),KASTFORCE KF2011 Snowmobile Dolly Set Max Supporting 1500Lbs with Heavy Duty Straps Firmly Attaching on Skis,EMSCO ESP Series Snow Cruiser Two-Rider Toboggan Sled – Made in the USA,Grocery House Snowball Maker, 6pcs Duck Shape Snowball Clip,Sand Mold Snow Toys Kids Winter Outdoor Activities Play Toys Snow Ball Clip Snow Games for Kids Childrens Adult Snow Fight Beach Player,ZMXZMQ Durable Toboggan Snow Sled, Plastic Snow Sleds for Kids and Adult,Yellow,Snow Daze 36"" Recon Snow Sled,Porpora Flying Saucer Snow Sled for Kids Plastic 25-inch Diameter,Flexible Flyer Kids Foam Sled. Toddler SNO Slider,POCO DIVO Snow Shuttle Ice Sled Tube Winter Sports Snowboard Toboggan,American Plastic Toy Co Round Snow Coaster Disc Snow Sled, 25-Inch","9,.,49,39,.,97,26,.,95,64,.,99,25,.,99,80,.,00,35,.,99,8,.,97,35,.,99,21,.,33,34,.,99,59,.,98,38,.,50"
"https://m.media-amazon.com/images/I/91pGigtwkNL._AC_UY218_.jpg,https://m.media-amazon.com/images/I/71Oxj3cm4cL._AC_UY218_.jpg,https://m.media-amazon.com/images/I/31KExrjptEL._AC_UY218_.jpg,https://m.media-amazon.com/images/I/71LNvMOpk7L._AC_UY218_.jpg,https://m.media-amazon.com/images/I/71icLJsIb0L._AC_UY218_.jpg,https://m.media-amazon.com/images/I/51bPNzrRm0L._AC_UY218_.jpg,https://m.media-amazon.com/images/I/71KcQhc381L._AC_UY218_.jpg,https://m.media-amazon.com/images/I/41g56kKTSeL._AC_UY218_.jpg,https://m.media-amazon.com/images/I/51vCFlOJJpL._AC_UY218_.jpg,https://m.media-amazon.com/images/I/61c3EzutvbL._AC_UY218_.jpg,https://m.media-amazon.com/images/I/51TK5XE5eUL._AC_UY218_.jpg,https://m.media-amazon.com/images/I/51PsDWX1kbL._AC_UY218_.jpg,https://m.media-amazon.com/images/I/51LNRMR+A4L._AC_UY218_.jpg,https://m.media-amazon.com/images/I/5155aWJ2PdL._AC_UY218_.jpg,https://m.media-amazon.com/images/I/61PMLD39uEL._AC_UY218_.jpg,https://m.media-amazon.com/images/I/71CGwHMr+vL._AC_UY218_.jpg",,"
    
    
        ,
    
,Snow Screamer Foam Sled,Pinkalicious & Peterrific, Volume 7,Znomax Sled,Arctix Womens Insulated Snow Pants,rolly toys Snow Max Sled, Red,Strider - Snow Ski Set for Balance Bikes,Sledz Snow Burner 40"" Roll Up Snow Carpet Sled,8QzJs1Tg Eco-Friendly Portable Thicken Kid Adult Snow Sled Sledge Ski Board Sit On Sleigh Glider Outdoor Slider Yellow,Snow Sleds Flying Saucer Snow Sled for Kids Plastic,Snow Sled Suitable for Primary and Secondary School Students,LIOOBO Children Snow Sled Sand Grass Sled Winter Snow Slider - Random Color,GREENWISH Downhill Sprinter with 2 Handles Pull Ropes - Heavy Duty Toboggan Snow Sled Slippery Racer - Portable Plastic Snow Sleds - Unisex Pull Sled Sand Grass Skiing Fun Snowboard for Kids and Adult,Yimeezuyu Downhill Saucer Disc Snow Sled Plastic Disc Sled Round Snow Sled Kids Adults Snow Sled Saucer for Outdoor Sports,DWLXSH Sports Arctic Trails Snow Saucer-Snow Sled for Kids-Two Handle Plastic Saucer for Snow,Children's Ski,Snow Flying Saucer,Sand Slide,Adult Children's Snowmobile,ZJDU Snow Sled Sleigh Foldable,German Wooden Sled, Durable and Portable, Snow Sleds with A Pulling Rope, Sledding for Kids and Adults, Perfect Outdoor Play Snow Toys,Snowboogie 26"" Air Disc Snow Sled","46,.,98,1,.,99,26,.,10,57,.,44,34,.,99,21,.,99,5,.,53,49,.,99,14,.,99,17,.,59,20,.,99,187,.,34,236,.,99,24,.,99"
"https://m.media-amazon.com/images/I/5166-pKlA2L._AC_UY218_.jpg,https://m.media-amazon.com/images/I/61SFKijTSHL._AC_UY218_.jpg,https://m.media-amazon.com/images/I/71x5BV1mLgL._AC_UY218_.jpg,https://m.media-amazon.com/images/I/81nXdKoJoxL._AC_UY218_.jpg,https://m.media-amazon.com/images/I/81cJQWSl5nL._AC_UY218_.jpg,https://m.media-amazon.com/images/I/51eD3PpCd3L._AC_UY218_.jpg,https://m.media-amazon.com/images/I/91-QENzHZJL._AC_UY218_.jpg,https://m.media-amazon.com/images/I/81Fh3tqczHL._AC_UY218_.jpg,https://m.media-amazon.com/images/I/51K6vrWRNOL._AC_UY218_.jpg,https://m.media-amazon.com/images/I/71s3m6ei9hL._AC_UY218_.jpg,https://m.media-amazon.com/images/I/81jkg08+J2L._AC_UY218_.jpg,https://m.media-amazon.com/images/I/51jZzwSqhkL._AC_UY218_.jpg,https://m.media-amazon.com/images/I/41CWQE3vU9L._AC_UY218_.jpg,https://m.media-amazon.com/images/I/51kBeLcfiGL._AC_UY218_.jpg,https://m.media-amazon.com/images/I/81r1U476-KL._AC_UY218_.jpg,https://m.media-amazon.com/images/I/614GEs49l5L._AC_UY218_.jpg",,"
    
    
        ,
    
,Pannow Round Kids Snow Sled Grass Slippery Saucer Flexible Snow Disc Saucer Sled with Double Handles for Sand, Grass and Snow Downhill,Trailerable Snowmobile Snow Machine Sled Cover fits Polaris Indy 500 1997 1998 1999 2000 2001 2002 2003 2004 2005 2006,liangfudianzi Snow Tube for Winter Fun Inflatable 47 Inch Heavy Duty Snow Sleds for Kids and Adults,Sturdy Sledding Tubes, Easy to Grip Handles, Carrying Bag Included,ma Kids Outdoor Plastic Sport Toboggan Winter Snow Sled Board w/Pull Rope 2 Handles Best,H2O GO Inflatable Snow Tube | Heavy Duty Winter Snow Sled for Kids | Durable PVC Material with Over-Sized Handles | Perfect for Children Ages 6 and Up,Learning to Ski with Mr. Magee: (Read Aloud Books, Series Books for Kids, Books for Early Readers),Sno-Storm 36in Kiddy Sled 2-Pack // Foam Soft Winter Snow Sled for Adults and Kids,Sno-Storm 36in Kiddy Sled // Foam Soft Winter Snow Sled for Adults and Kids,Otter Sport Sled, Large, Black,Bradley Ultimate Towable Snow Tube Sled | Inflatable Sledding Tube | Made in USA,Eurosled Merikan Missile Sled,Geospace Sledsterz Spoon Sled 3-Pack; One Each Red, Green and Blue Snow Sleds,Jiecikou Thicken Snow Sleds Portable Rolling Snow Slider for Kids Adult Snow Toys Winter Sports,Aramox Snow Racer Sled, Durable Steel and PE Ski Sled Slider Board with Steering Wheel Snowmobile Wide-Track Skis Board for Children,Yaktrax Pro Traction Cleats for Walking, Jogging, or Hiking on Snow and Ice,RAVE Sports Steerable SHREDZ Snow Sled","22,.,99,76,.,67,62,.,99,35,.,99,22,.,46,12,.,79,55,.,99,45,.,00,149,.,00,59,.,99,49,.,99,7,.,99,29,.,29,19,.,99"
"https://m.media-amazon.com/images/I/71LcVJhsu9L._AC_UY218_.jpg,https://m.media-amazon.com/images/I/41bR2laVBSL._AC_UY218_.jpg",,"
    
    
        ,
    
,Sno-Storm 36in Kiddy Sled 2-Pack // Foam Soft Winter Snow Sled for Adults and Kids,re2chiOngs Snow Sled, Thicken Kids Adult Snow Sled Sledge Ski Board Sleigh Outdoor Grass Sand Slider Green","59,.,99,5,.,12"
,,,
,,,
,,,
,,,
,,,
,,,
,,,
,,,
,,,
,,,
,,,
,,,
,,,
,,,
,,,
,,,
,,,
,,,
,,,
,,,
,,,
,,,
,,,
,,,
,,,
,,,
,,,
,,,
,,,
,,,
,,,
,,,
,,,
,,,
,,,
,,,
,,,
,,,
,,,
,,,
,,,
,,,
,,,
,,,
,,,
,,,
,,,
,,,
,,,
,,,
,,,
,,,
,,,
,,,
,,,
,,,
,,,
,,,
,,,
,,,
,,,
,,,
,,,
,,,
,,,
,,,
,,,
,,,
,,,
,,,
,,,
,,,
,,,
,,,
,,,
,,,
,,,
,,,
,,,
,,,
